{
    "camera_matrix": [
        [
            640.5292725202142,
            0.0,
            329.26709711578025
        ],
        [
            0.0,
            639.7230475565657,
            262.66178239227503
        ],
        [
            0.0,
            0.0,
            1.0
        ]
    ],
    "distortion_coefficients": [
        [
            -0.5377803873968815,
            0.40933429405688876,
            0.0031331227730516764,
            -0.002425137339895661,
            -0.11136644971107137
        ]
    ],
    "rotation_vect": [
        [
            [
                0.4540456709046155
            ],
            [
                0.6396704362171426
            ],
            [
                -1.5923294334246278
            ]
        ],
        [
            [
                -0.29667389765019425
            ],
            [
                0.542714557691932
            ],
            [
                -1.6449781029566386
            ]
        ],
        [
            [
                0.45615273812959883
            ],
            [
                0.634685996822243
            ],
            [
                -1.5952908687320706
            ]
        ],
        [
            [
                -0.12425771910854114
            ],
            [
                0.43336444192572104
            ],
            [
                -1.6369658233007034
            ]
        ],
        [
            [
                -0.12866919547473735
            ],
            [
                0.45257080669516825
            ],
            [
                -1.6487459239599542
            ]
        ],
        [
            [
                -0.30229784162031237
            ],
            [
                0.5685280876186339
            ],
            [
                -1.6469516889121592
            ]
        ],
        [
            [
                -0.2966735488633202
            ],
            [
                0.5426870901077787
            ],
            [
                -1.6449765301367933
            ]
        ],
        [
            [
                -0.1969201610952996
            ],
            [
                0.5057444882625923
            ],
            [
                -1.6769757475630762
            ]
        ],
        [
            [
                -0.25395398763557236
            ],
            [
                0.5372770229453954
            ],
            [
                -1.6544098558668143
            ]
        ],
        [
            [
                0.46193085414773655
            ],
            [
                0.6280673528167774
            ],
            [
                -1.597962280605174
            ]
        ],
        [
            [
                -0.24455679877997286
            ],
            [
                0.5281101707151497
            ],
            [
                -1.6651220560476463
            ]
        ],
        [
            [
                -0.20891042310342933
            ],
            [
                0.5086182780880122
            ],
            [
                -1.6856422903174566
            ]
        ],
        [
            [
                -0.1286720191585527
            ],
            [
                0.45257122467176397
            ],
            [
                -1.648751494437952
            ]
        ],
        [
            [
                -0.2210906758012249
            ],
            [
                0.5122272924031425
            ],
            [
                -1.6868107695530206
            ]
        ],
        [
            [
                -0.30049430894914436
            ],
            [
                0.5529076154540759
            ],
            [
                -1.6470864506943828
            ]
        ],
        [
            [
                -0.3170029734346269
            ],
            [
                0.58922573826393
            ],
            [
                -1.6413112777241414
            ]
        ],
        [
            [
                -0.20891118792445268
            ],
            [
                0.5086345719972529
            ],
            [
                -1.6856392554780877
            ]
        ],
        [
            [
                0.4561424241429189
            ],
            [
                0.6346778153953432
            ],
            [
                -1.5953010289191047
            ]
        ]
    ],